qn_no,qn,qn_type,op1,img1,op2,img2,op3,img3,op4,img4,prev_qn_no,sel_op,resource,glossary,add_annex,add_input,final_qn,qn_code
9,Annex A.1,None,None,https://cdn-icons-png.flaticon.com/512/5405/5405811.png,None,https://cdn-icons-png.flaticon.com/512/5405/5405811.png,None,https://cdn-icons-png.flaticon.com/512/5405/5405811.png,None,https://cdn-icons-png.flaticon.com/512/5405/5405811.png,4,personal protection,1,None,None,None,1,0
10,Annex A.2,None,None,https://cdn-icons-png.flaticon.com/512/5405/5405811.png,None,https://cdn-icons-png.flaticon.com/512/5405/5405811.png,None,https://cdn-icons-png.flaticon.com/512/5405/5405811.png,None,https://cdn-icons-png.flaticon.com/512/5405/5405811.png,4,maintenance,1,None,None,None,1,0
11,Annex A.3,None,None,https://cdn-icons-png.flaticon.com/512/5405/5405811.png,None,https://cdn-icons-png.flaticon.com/512/5405/5405811.png,None,https://cdn-icons-png.flaticon.com/512/5405/5405811.png,None,https://cdn-icons-png.flaticon.com/512/5405/5405811.png,4,none of the above,1,None,None,None,1,0
14,Annex B,None,None,https://cdn-icons-png.flaticon.com/512/5405/5405811.png,None,https://cdn-icons-png.flaticon.com/512/5405/5405811.png,None,https://cdn-icons-png.flaticon.com/512/5405/5405811.png,None,https://cdn-icons-png.flaticon.com/512/5405/5405811.png,5,op2,1,None,None,None,1,0
15,Annex B,None,None,https://cdn-icons-png.flaticon.com/512/5405/5405811.png,None,https://cdn-icons-png.flaticon.com/512/5405/5405811.png,None,https://cdn-icons-png.flaticon.com/512/5405/5405811.png,None,https://cdn-icons-png.flaticon.com/512/5405/5405811.png,6,op2,1,None,None,None,1,0
18,Annex B,None,None,https://cdn-icons-png.flaticon.com/512/5405/5405811.png,None,https://cdn-icons-png.flaticon.com/512/5405/5405811.png,None,https://cdn-icons-png.flaticon.com/512/5405/5405811.png,None,https://cdn-icons-png.flaticon.com/512/5405/5405811.png,7,op2,1,None,None,None,1,0
19,Annex B,None,None,https://cdn-icons-png.flaticon.com/512/5405/5405811.png,None,https://cdn-icons-png.flaticon.com/512/5405/5405811.png,None,https://cdn-icons-png.flaticon.com/512/5405/5405811.png,None,https://cdn-icons-png.flaticon.com/512/5405/5405811.png,8,op2,1,None,None,None,1,0
22,Annex C,None,None,https://cdn-icons-png.flaticon.com/512/5405/5405811.png,None,https://cdn-icons-png.flaticon.com/512/5405/5405811.png,None,https://cdn-icons-png.flaticon.com/512/5405/5405811.png,None,https://cdn-icons-png.flaticon.com/512/5405/5405811.png,12,op2,1,None,None,None,1,0
23,Annex C,None,None,https://cdn-icons-png.flaticon.com/512/5405/5405811.png,None,https://cdn-icons-png.flaticon.com/512/5405/5405811.png,None,https://cdn-icons-png.flaticon.com/512/5405/5405811.png,None,https://cdn-icons-png.flaticon.com/512/5405/5405811.png,13,op2,1,None,None,None,1,0
26,Annex C,None,None,https://cdn-icons-png.flaticon.com/512/5405/5405811.png,None,https://cdn-icons-png.flaticon.com/512/5405/5405811.png,None,https://cdn-icons-png.flaticon.com/512/5405/5405811.png,None,https://cdn-icons-png.flaticon.com/512/5405/5405811.png,16,op2,1,None,None,None,1,0
27,Annex C,None,None,https://cdn-icons-png.flaticon.com/512/5405/5405811.png,None,https://cdn-icons-png.flaticon.com/512/5405/5405811.png,None,https://cdn-icons-png.flaticon.com/512/5405/5405811.png,None,https://cdn-icons-png.flaticon.com/512/5405/5405811.png,17,op2,1,None,None,None,1,0
34,Annex C,None,None,https://cdn-icons-png.flaticon.com/512/5405/5405811.png,None,https://cdn-icons-png.flaticon.com/512/5405/5405811.png,None,https://cdn-icons-png.flaticon.com/512/5405/5405811.png,None,https://cdn-icons-png.flaticon.com/512/5405/5405811.png,24,op2,1,None,None,None,1,0
35,Annex C,None,None,https://cdn-icons-png.flaticon.com/512/5405/5405811.png,None,https://cdn-icons-png.flaticon.com/512/5405/5405811.png,None,https://cdn-icons-png.flaticon.com/512/5405/5405811.png,None,https://cdn-icons-png.flaticon.com/512/5405/5405811.png,25,op2,1,None,None,None,1,0
36,Annex D.1,None,None,https://cdn-icons-png.flaticon.com/512/5405/5405811.png,None,https://cdn-icons-png.flaticon.com/512/5405/5405811.png,None,https://cdn-icons-png.flaticon.com/512/5405/5405811.png,None,https://cdn-icons-png.flaticon.com/512/5405/5405811.png,28,op1,1,None,None,None,1,0
125,Annex D.10,None,None,https://cdn-icons-png.flaticon.com/512/5405/5405811.png,None,https://cdn-icons-png.flaticon.com/512/5405/5405811.png,None,https://cdn-icons-png.flaticon.com/512/5405/5405811.png,None,https://cdn-icons-png.flaticon.com/512/5405/5405811.png,69,maintenance,1,None,None,None,1,0
127,Annex D.10,None,None,https://cdn-icons-png.flaticon.com/512/5405/5405811.png,None,https://cdn-icons-png.flaticon.com/512/5405/5405811.png,None,https://cdn-icons-png.flaticon.com/512/5405/5405811.png,None,https://cdn-icons-png.flaticon.com/512/5405/5405811.png,71,maintenance,1,None,None,None,1,0
129,Annex D.10,None,None,https://cdn-icons-png.flaticon.com/512/5405/5405811.png,None,https://cdn-icons-png.flaticon.com/512/5405/5405811.png,None,https://cdn-icons-png.flaticon.com/512/5405/5405811.png,None,https://cdn-icons-png.flaticon.com/512/5405/5405811.png,73,maintenance,1,None,None,None,1,0
131,Annex D.10,None,None,https://cdn-icons-png.flaticon.com/512/5405/5405811.png,None,https://cdn-icons-png.flaticon.com/512/5405/5405811.png,None,https://cdn-icons-png.flaticon.com/512/5405/5405811.png,None,https://cdn-icons-png.flaticon.com/512/5405/5405811.png,75,maintenance,1,None,None,None,1,0
157,Annex D.10,None,None,https://cdn-icons-png.flaticon.com/512/5405/5405811.png,None,https://cdn-icons-png.flaticon.com/512/5405/5405811.png,None,https://cdn-icons-png.flaticon.com/512/5405/5405811.png,None,https://cdn-icons-png.flaticon.com/512/5405/5405811.png,77,maintenance,1,None,None,None,1,0
159,Annex D.10,None,None,https://cdn-icons-png.flaticon.com/512/5405/5405811.png,None,https://cdn-icons-png.flaticon.com/512/5405/5405811.png,None,https://cdn-icons-png.flaticon.com/512/5405/5405811.png,None,https://cdn-icons-png.flaticon.com/512/5405/5405811.png,79,maintenance,1,None,None,None,1,0
161,Annex D.10,None,None,https://cdn-icons-png.flaticon.com/512/5405/5405811.png,None,https://cdn-icons-png.flaticon.com/512/5405/5405811.png,None,https://cdn-icons-png.flaticon.com/512/5405/5405811.png,None,https://cdn-icons-png.flaticon.com/512/5405/5405811.png,81,maintenance,1,None,None,None,1,0
163,Annex D.10,None,None,https://cdn-icons-png.flaticon.com/512/5405/5405811.png,None,https://cdn-icons-png.flaticon.com/512/5405/5405811.png,None,https://cdn-icons-png.flaticon.com/512/5405/5405811.png,None,https://cdn-icons-png.flaticon.com/512/5405/5405811.png,83,maintenance,1,None,None,None,1,0
189,Annex D.10,None,None,https://cdn-icons-png.flaticon.com/512/5405/5405811.png,None,https://cdn-icons-png.flaticon.com/512/5405/5405811.png,None,https://cdn-icons-png.flaticon.com/512/5405/5405811.png,None,https://cdn-icons-png.flaticon.com/512/5405/5405811.png,85,maintenance,1,None,None,None,1,0
191,Annex D.10,None,None,https://cdn-icons-png.flaticon.com/512/5405/5405811.png,None,https://cdn-icons-png.flaticon.com/512/5405/5405811.png,None,https://cdn-icons-png.flaticon.com/512/5405/5405811.png,None,https://cdn-icons-png.flaticon.com/512/5405/5405811.png,87,maintenance,1,None,None,None,1,0
193,Annex D.10,None,None,https://cdn-icons-png.flaticon.com/512/5405/5405811.png,None,https://cdn-icons-png.flaticon.com/512/5405/5405811.png,None,https://cdn-icons-png.flaticon.com/512/5405/5405811.png,None,https://cdn-icons-png.flaticon.com/512/5405/5405811.png,89,maintenance,1,None,None,None,1,0
195,Annex D.10,None,None,https://cdn-icons-png.flaticon.com/512/5405/5405811.png,None,https://cdn-icons-png.flaticon.com/512/5405/5405811.png,None,https://cdn-icons-png.flaticon.com/512/5405/5405811.png,None,https://cdn-icons-png.flaticon.com/512/5405/5405811.png,91,maintenance,1,None,None,None,1,0
132,Annex D.11,None,None,https://cdn-icons-png.flaticon.com/512/5405/5405811.png,None,https://cdn-icons-png.flaticon.com/512/5405/5405811.png,None,https://cdn-icons-png.flaticon.com/512/5405/5405811.png,None,https://cdn-icons-png.flaticon.com/512/5405/5405811.png,68,personal protection,1,None,None,None,1,0
134,Annex D.11,None,None,https://cdn-icons-png.flaticon.com/512/5405/5405811.png,None,https://cdn-icons-png.flaticon.com/512/5405/5405811.png,None,https://cdn-icons-png.flaticon.com/512/5405/5405811.png,None,https://cdn-icons-png.flaticon.com/512/5405/5405811.png,70,personal protection,1,None,None,None,1,0
136,Annex D.11,None,None,https://cdn-icons-png.flaticon.com/512/5405/5405811.png,None,https://cdn-icons-png.flaticon.com/512/5405/5405811.png,None,https://cdn-icons-png.flaticon.com/512/5405/5405811.png,None,https://cdn-icons-png.flaticon.com/512/5405/5405811.png,72,personal protection,1,None,None,None,1,0
138,Annex D.11,None,None,https://cdn-icons-png.flaticon.com/512/5405/5405811.png,None,https://cdn-icons-png.flaticon.com/512/5405/5405811.png,None,https://cdn-icons-png.flaticon.com/512/5405/5405811.png,None,https://cdn-icons-png.flaticon.com/512/5405/5405811.png,74,personal protection,1,None,None,None,1,0
164,Annex D.11,None,None,https://cdn-icons-png.flaticon.com/512/5405/5405811.png,None,https://cdn-icons-png.flaticon.com/512/5405/5405811.png,None,https://cdn-icons-png.flaticon.com/512/5405/5405811.png,None,https://cdn-icons-png.flaticon.com/512/5405/5405811.png,76,personal protection,1,None,None,None,1,0
166,Annex D.11,None,None,https://cdn-icons-png.flaticon.com/512/5405/5405811.png,None,https://cdn-icons-png.flaticon.com/512/5405/5405811.png,None,https://cdn-icons-png.flaticon.com/512/5405/5405811.png,None,https://cdn-icons-png.flaticon.com/512/5405/5405811.png,78,personal protection,1,None,None,None,1,0
168,Annex D.11,None,None,https://cdn-icons-png.flaticon.com/512/5405/5405811.png,None,https://cdn-icons-png.flaticon.com/512/5405/5405811.png,None,https://cdn-icons-png.flaticon.com/512/5405/5405811.png,None,https://cdn-icons-png.flaticon.com/512/5405/5405811.png,80,personal protection,1,None,None,None,1,0
170,Annex D.11,None,None,https://cdn-icons-png.flaticon.com/512/5405/5405811.png,None,https://cdn-icons-png.flaticon.com/512/5405/5405811.png,None,https://cdn-icons-png.flaticon.com/512/5405/5405811.png,None,https://cdn-icons-png.flaticon.com/512/5405/5405811.png,82,personal protection,1,None,None,None,1,0
196,Annex D.11,None,None,https://cdn-icons-png.flaticon.com/512/5405/5405811.png,None,https://cdn-icons-png.flaticon.com/512/5405/5405811.png,None,https://cdn-icons-png.flaticon.com/512/5405/5405811.png,None,https://cdn-icons-png.flaticon.com/512/5405/5405811.png,84,personal protection,1,None,None,None,1,0
198,Annex D.11,None,None,https://cdn-icons-png.flaticon.com/512/5405/5405811.png,None,https://cdn-icons-png.flaticon.com/512/5405/5405811.png,None,https://cdn-icons-png.flaticon.com/512/5405/5405811.png,None,https://cdn-icons-png.flaticon.com/512/5405/5405811.png,86,personal protection,1,None,None,None,1,0
200,Annex D.11,None,None,https://cdn-icons-png.flaticon.com/512/5405/5405811.png,None,https://cdn-icons-png.flaticon.com/512/5405/5405811.png,None,https://cdn-icons-png.flaticon.com/512/5405/5405811.png,None,https://cdn-icons-png.flaticon.com/512/5405/5405811.png,88,personal protection,1,None,None,None,1,0
202,Annex D.11,None,None,https://cdn-icons-png.flaticon.com/512/5405/5405811.png,None,https://cdn-icons-png.flaticon.com/512/5405/5405811.png,None,https://cdn-icons-png.flaticon.com/512/5405/5405811.png,None,https://cdn-icons-png.flaticon.com/512/5405/5405811.png,90,personal protection,1,None,None,None,1,0
133,Annex D.12,None,None,https://cdn-icons-png.flaticon.com/512/5405/5405811.png,None,https://cdn-icons-png.flaticon.com/512/5405/5405811.png,None,https://cdn-icons-png.flaticon.com/512/5405/5405811.png,None,https://cdn-icons-png.flaticon.com/512/5405/5405811.png,69,personal protection,1,None,None,None,1,0
135,Annex D.12,None,None,https://cdn-icons-png.flaticon.com/512/5405/5405811.png,None,https://cdn-icons-png.flaticon.com/512/5405/5405811.png,None,https://cdn-icons-png.flaticon.com/512/5405/5405811.png,None,https://cdn-icons-png.flaticon.com/512/5405/5405811.png,71,personal protection,1,None,None,None,1,0
137,Annex D.12,None,None,https://cdn-icons-png.flaticon.com/512/5405/5405811.png,None,https://cdn-icons-png.flaticon.com/512/5405/5405811.png,None,https://cdn-icons-png.flaticon.com/512/5405/5405811.png,None,https://cdn-icons-png.flaticon.com/512/5405/5405811.png,73,personal protection,1,None,None,None,1,0
139,Annex D.12,None,None,https://cdn-icons-png.flaticon.com/512/5405/5405811.png,None,https://cdn-icons-png.flaticon.com/512/5405/5405811.png,None,https://cdn-icons-png.flaticon.com/512/5405/5405811.png,None,https://cdn-icons-png.flaticon.com/512/5405/5405811.png,75,personal protection,1,None,None,None,1,0
165,Annex D.12,None,None,https://cdn-icons-png.flaticon.com/512/5405/5405811.png,None,https://cdn-icons-png.flaticon.com/512/5405/5405811.png,None,https://cdn-icons-png.flaticon.com/512/5405/5405811.png,None,https://cdn-icons-png.flaticon.com/512/5405/5405811.png,77,personal protection,1,None,None,None,1,0
167,Annex D.12,None,None,https://cdn-icons-png.flaticon.com/512/5405/5405811.png,None,https://cdn-icons-png.flaticon.com/512/5405/5405811.png,None,https://cdn-icons-png.flaticon.com/512/5405/5405811.png,None,https://cdn-icons-png.flaticon.com/512/5405/5405811.png,79,personal protection,1,None,None,None,1,0
169,Annex D.12,None,None,https://cdn-icons-png.flaticon.com/512/5405/5405811.png,None,https://cdn-icons-png.flaticon.com/512/5405/5405811.png,None,https://cdn-icons-png.flaticon.com/512/5405/5405811.png,None,https://cdn-icons-png.flaticon.com/512/5405/5405811.png,81,personal protection,1,None,None,None,1,0
171,Annex D.12,None,None,https://cdn-icons-png.flaticon.com/512/5405/5405811.png,None,https://cdn-icons-png.flaticon.com/512/5405/5405811.png,None,https://cdn-icons-png.flaticon.com/512/5405/5405811.png,None,https://cdn-icons-png.flaticon.com/512/5405/5405811.png,83,personal protection,1,None,None,None,1,0
197,Annex D.12,None,None,https://cdn-icons-png.flaticon.com/512/5405/5405811.png,None,https://cdn-icons-png.flaticon.com/512/5405/5405811.png,None,https://cdn-icons-png.flaticon.com/512/5405/5405811.png,None,https://cdn-icons-png.flaticon.com/512/5405/5405811.png,85,personal protection,1,None,None,None,1,0
199,Annex D.12,None,None,https://cdn-icons-png.flaticon.com/512/5405/5405811.png,None,https://cdn-icons-png.flaticon.com/512/5405/5405811.png,None,https://cdn-icons-png.flaticon.com/512/5405/5405811.png,None,https://cdn-icons-png.flaticon.com/512/5405/5405811.png,87,personal protection,1,None,None,None,1,0
201,Annex D.12,None,None,https://cdn-icons-png.flaticon.com/512/5405/5405811.png,None,https://cdn-icons-png.flaticon.com/512/5405/5405811.png,None,https://cdn-icons-png.flaticon.com/512/5405/5405811.png,None,https://cdn-icons-png.flaticon.com/512/5405/5405811.png,89,personal protection,1,None,None,None,1,0
203,Annex D.12,None,None,https://cdn-icons-png.flaticon.com/512/5405/5405811.png,None,https://cdn-icons-png.flaticon.com/512/5405/5405811.png,None,https://cdn-icons-png.flaticon.com/512/5405/5405811.png,None,https://cdn-icons-png.flaticon.com/512/5405/5405811.png,91,personal protection,1,None,None,None,1,0
140,Annex D.13,None,None,https://cdn-icons-png.flaticon.com/512/5405/5405811.png,None,https://cdn-icons-png.flaticon.com/512/5405/5405811.png,None,https://cdn-icons-png.flaticon.com/512/5405/5405811.png,None,https://cdn-icons-png.flaticon.com/512/5405/5405811.png,68,"maintenance, personal protection",1,None,None,None,1,0
142,Annex D.13,None,None,https://cdn-icons-png.flaticon.com/512/5405/5405811.png,None,https://cdn-icons-png.flaticon.com/512/5405/5405811.png,None,https://cdn-icons-png.flaticon.com/512/5405/5405811.png,None,https://cdn-icons-png.flaticon.com/512/5405/5405811.png,70,"maintenance, personal protection",1,None,None,None,1,0
144,Annex D.13,None,None,https://cdn-icons-png.flaticon.com/512/5405/5405811.png,None,https://cdn-icons-png.flaticon.com/512/5405/5405811.png,None,https://cdn-icons-png.flaticon.com/512/5405/5405811.png,None,https://cdn-icons-png.flaticon.com/512/5405/5405811.png,72,"maintenance, personal protection",1,None,None,None,1,0
146,Annex D.13,None,None,https://cdn-icons-png.flaticon.com/512/5405/5405811.png,None,https://cdn-icons-png.flaticon.com/512/5405/5405811.png,None,https://cdn-icons-png.flaticon.com/512/5405/5405811.png,None,https://cdn-icons-png.flaticon.com/512/5405/5405811.png,74,"maintenance, personal protection",1,None,None,None,1,0
172,Annex D.13,None,None,https://cdn-icons-png.flaticon.com/512/5405/5405811.png,None,https://cdn-icons-png.flaticon.com/512/5405/5405811.png,None,https://cdn-icons-png.flaticon.com/512/5405/5405811.png,None,https://cdn-icons-png.flaticon.com/512/5405/5405811.png,76,"maintenance, personal protection",1,None,None,None,1,0
174,Annex D.13,None,None,https://cdn-icons-png.flaticon.com/512/5405/5405811.png,None,https://cdn-icons-png.flaticon.com/512/5405/5405811.png,None,https://cdn-icons-png.flaticon.com/512/5405/5405811.png,None,https://cdn-icons-png.flaticon.com/512/5405/5405811.png,78,"maintenance, personal protection",1,None,None,None,1,0
176,Annex D.13,None,None,https://cdn-icons-png.flaticon.com/512/5405/5405811.png,None,https://cdn-icons-png.flaticon.com/512/5405/5405811.png,None,https://cdn-icons-png.flaticon.com/512/5405/5405811.png,None,https://cdn-icons-png.flaticon.com/512/5405/5405811.png,80,"maintenance, personal protection",1,None,None,None,1,0
178,Annex D.13,None,None,https://cdn-icons-png.flaticon.com/512/5405/5405811.png,None,https://cdn-icons-png.flaticon.com/512/5405/5405811.png,None,https://cdn-icons-png.flaticon.com/512/5405/5405811.png,None,https://cdn-icons-png.flaticon.com/512/5405/5405811.png,82,"maintenance, personal protection",1,None,None,None,1,0
204,Annex D.13,None,None,https://cdn-icons-png.flaticon.com/512/5405/5405811.png,None,https://cdn-icons-png.flaticon.com/512/5405/5405811.png,None,https://cdn-icons-png.flaticon.com/512/5405/5405811.png,None,https://cdn-icons-png.flaticon.com/512/5405/5405811.png,84,"maintenance, personal protection",1,None,None,None,1,0
206,Annex D.13,None,None,https://cdn-icons-png.flaticon.com/512/5405/5405811.png,None,https://cdn-icons-png.flaticon.com/512/5405/5405811.png,None,https://cdn-icons-png.flaticon.com/512/5405/5405811.png,None,https://cdn-icons-png.flaticon.com/512/5405/5405811.png,86,"maintenance, personal protection",1,None,None,None,1,0
208,Annex D.13,None,None,https://cdn-icons-png.flaticon.com/512/5405/5405811.png,None,https://cdn-icons-png.flaticon.com/512/5405/5405811.png,None,https://cdn-icons-png.flaticon.com/512/5405/5405811.png,None,https://cdn-icons-png.flaticon.com/512/5405/5405811.png,88,"maintenance, personal protection",1,None,None,None,1,0
210,Annex D.13,None,None,https://cdn-icons-png.flaticon.com/512/5405/5405811.png,None,https://cdn-icons-png.flaticon.com/512/5405/5405811.png,None,https://cdn-icons-png.flaticon.com/512/5405/5405811.png,None,https://cdn-icons-png.flaticon.com/512/5405/5405811.png,90,"maintenance, personal protection",1,None,None,None,1,0
141,Annex D.14,None,None,https://cdn-icons-png.flaticon.com/512/5405/5405811.png,None,https://cdn-icons-png.flaticon.com/512/5405/5405811.png,None,https://cdn-icons-png.flaticon.com/512/5405/5405811.png,None,https://cdn-icons-png.flaticon.com/512/5405/5405811.png,69,"maintenance, personal protection",1,None,None,None,1,0
143,Annex D.14,None,None,https://cdn-icons-png.flaticon.com/512/5405/5405811.png,None,https://cdn-icons-png.flaticon.com/512/5405/5405811.png,None,https://cdn-icons-png.flaticon.com/512/5405/5405811.png,None,https://cdn-icons-png.flaticon.com/512/5405/5405811.png,71,"maintenance, personal protection",1,None,None,None,1,0
145,Annex D.14,None,None,https://cdn-icons-png.flaticon.com/512/5405/5405811.png,None,https://cdn-icons-png.flaticon.com/512/5405/5405811.png,None,https://cdn-icons-png.flaticon.com/512/5405/5405811.png,None,https://cdn-icons-png.flaticon.com/512/5405/5405811.png,73,"maintenance, personal protection",1,None,None,None,1,0
147,Annex D.14,None,None,https://cdn-icons-png.flaticon.com/512/5405/5405811.png,None,https://cdn-icons-png.flaticon.com/512/5405/5405811.png,None,https://cdn-icons-png.flaticon.com/512/5405/5405811.png,None,https://cdn-icons-png.flaticon.com/512/5405/5405811.png,75,"maintenance, personal protection",1,None,None,None,1,0
173,Annex D.14,None,None,https://cdn-icons-png.flaticon.com/512/5405/5405811.png,None,https://cdn-icons-png.flaticon.com/512/5405/5405811.png,None,https://cdn-icons-png.flaticon.com/512/5405/5405811.png,None,https://cdn-icons-png.flaticon.com/512/5405/5405811.png,77,"maintenance, personal protection",1,None,None,None,1,0
175,Annex D.14,None,None,https://cdn-icons-png.flaticon.com/512/5405/5405811.png,None,https://cdn-icons-png.flaticon.com/512/5405/5405811.png,None,https://cdn-icons-png.flaticon.com/512/5405/5405811.png,None,https://cdn-icons-png.flaticon.com/512/5405/5405811.png,79,"maintenance, personal protection",1,None,None,None,1,0
177,Annex D.14,None,None,https://cdn-icons-png.flaticon.com/512/5405/5405811.png,None,https://cdn-icons-png.flaticon.com/512/5405/5405811.png,None,https://cdn-icons-png.flaticon.com/512/5405/5405811.png,None,https://cdn-icons-png.flaticon.com/512/5405/5405811.png,81,"maintenance, personal protection",1,None,None,None,1,0
179,Annex D.14,None,None,https://cdn-icons-png.flaticon.com/512/5405/5405811.png,None,https://cdn-icons-png.flaticon.com/512/5405/5405811.png,None,https://cdn-icons-png.flaticon.com/512/5405/5405811.png,None,https://cdn-icons-png.flaticon.com/512/5405/5405811.png,83,"maintenance, personal protection",1,None,None,None,1,0
205,Annex D.14,None,None,https://cdn-icons-png.flaticon.com/512/5405/5405811.png,None,https://cdn-icons-png.flaticon.com/512/5405/5405811.png,None,https://cdn-icons-png.flaticon.com/512/5405/5405811.png,None,https://cdn-icons-png.flaticon.com/512/5405/5405811.png,85,"maintenance, personal protection",1,None,None,None,1,0
207,Annex D.14,None,None,https://cdn-icons-png.flaticon.com/512/5405/5405811.png,None,https://cdn-icons-png.flaticon.com/512/5405/5405811.png,None,https://cdn-icons-png.flaticon.com/512/5405/5405811.png,None,https://cdn-icons-png.flaticon.com/512/5405/5405811.png,87,"maintenance, personal protection",1,None,None,None,1,0
209,Annex D.14,None,None,https://cdn-icons-png.flaticon.com/512/5405/5405811.png,None,https://cdn-icons-png.flaticon.com/512/5405/5405811.png,None,https://cdn-icons-png.flaticon.com/512/5405/5405811.png,None,https://cdn-icons-png.flaticon.com/512/5405/5405811.png,89,"maintenance, personal protection",1,None,None,None,1,0
211,Annex D.14,None,None,https://cdn-icons-png.flaticon.com/512/5405/5405811.png,None,https://cdn-icons-png.flaticon.com/512/5405/5405811.png,None,https://cdn-icons-png.flaticon.com/512/5405/5405811.png,None,https://cdn-icons-png.flaticon.com/512/5405/5405811.png,91,"maintenance, personal protection",1,None,None,None,1,0
37,Annex D.2,None,None,https://cdn-icons-png.flaticon.com/512/5405/5405811.png,None,https://cdn-icons-png.flaticon.com/512/5405/5405811.png,None,https://cdn-icons-png.flaticon.com/512/5405/5405811.png,None,https://cdn-icons-png.flaticon.com/512/5405/5405811.png,29,op1,1,None,None,None,1,0
92,Annex D.3,None,None,https://cdn-icons-png.flaticon.com/512/5405/5405811.png,None,https://cdn-icons-png.flaticon.com/512/5405/5405811.png,None,https://cdn-icons-png.flaticon.com/512/5405/5405811.png,None,https://cdn-icons-png.flaticon.com/512/5405/5405811.png,60,maintenance,1,None,None,None,1,0
94,Annex D.3,None,None,https://cdn-icons-png.flaticon.com/512/5405/5405811.png,None,https://cdn-icons-png.flaticon.com/512/5405/5405811.png,None,https://cdn-icons-png.flaticon.com/512/5405/5405811.png,None,https://cdn-icons-png.flaticon.com/512/5405/5405811.png,62,maintenance,1,None,None,None,1,0
96,Annex D.3,None,None,https://cdn-icons-png.flaticon.com/512/5405/5405811.png,None,https://cdn-icons-png.flaticon.com/512/5405/5405811.png,None,https://cdn-icons-png.flaticon.com/512/5405/5405811.png,None,https://cdn-icons-png.flaticon.com/512/5405/5405811.png,64,maintenance,1,None,None,None,1,0
93,Annex D.4,None,None,https://cdn-icons-png.flaticon.com/512/5405/5405811.png,None,https://cdn-icons-png.flaticon.com/512/5405/5405811.png,None,https://cdn-icons-png.flaticon.com/512/5405/5405811.png,None,https://cdn-icons-png.flaticon.com/512/5405/5405811.png,61,maintenance,1,None,None,None,1,0
95,Annex D.4,None,None,https://cdn-icons-png.flaticon.com/512/5405/5405811.png,None,https://cdn-icons-png.flaticon.com/512/5405/5405811.png,None,https://cdn-icons-png.flaticon.com/512/5405/5405811.png,None,https://cdn-icons-png.flaticon.com/512/5405/5405811.png,63,maintenance,1,None,None,None,1,0
97,Annex D.4,None,None,https://cdn-icons-png.flaticon.com/512/5405/5405811.png,None,https://cdn-icons-png.flaticon.com/512/5405/5405811.png,None,https://cdn-icons-png.flaticon.com/512/5405/5405811.png,None,https://cdn-icons-png.flaticon.com/512/5405/5405811.png,65,maintenance,1,None,None,None,1,0
100,Annex D.5,None,None,https://cdn-icons-png.flaticon.com/512/5405/5405811.png,None,https://cdn-icons-png.flaticon.com/512/5405/5405811.png,None,https://cdn-icons-png.flaticon.com/512/5405/5405811.png,None,https://cdn-icons-png.flaticon.com/512/5405/5405811.png,60,personal protection,1,None,None,None,1,0
102,Annex D.5,None,None,https://cdn-icons-png.flaticon.com/512/5405/5405811.png,None,https://cdn-icons-png.flaticon.com/512/5405/5405811.png,None,https://cdn-icons-png.flaticon.com/512/5405/5405811.png,None,https://cdn-icons-png.flaticon.com/512/5405/5405811.png,62,personal protection,1,None,None,None,1,0
104,Annex D.5,None,None,https://cdn-icons-png.flaticon.com/512/5405/5405811.png,None,https://cdn-icons-png.flaticon.com/512/5405/5405811.png,None,https://cdn-icons-png.flaticon.com/512/5405/5405811.png,None,https://cdn-icons-png.flaticon.com/512/5405/5405811.png,64,personal protection,1,None,None,None,1,0
101,Annex D.6,None,None,https://cdn-icons-png.flaticon.com/512/5405/5405811.png,None,https://cdn-icons-png.flaticon.com/512/5405/5405811.png,None,https://cdn-icons-png.flaticon.com/512/5405/5405811.png,None,https://cdn-icons-png.flaticon.com/512/5405/5405811.png,61,personal protection,1,None,None,None,1,0
103,Annex D.6,None,None,https://cdn-icons-png.flaticon.com/512/5405/5405811.png,None,https://cdn-icons-png.flaticon.com/512/5405/5405811.png,None,https://cdn-icons-png.flaticon.com/512/5405/5405811.png,None,https://cdn-icons-png.flaticon.com/512/5405/5405811.png,63,personal protection,1,None,None,None,1,0
105,Annex D.6,None,None,https://cdn-icons-png.flaticon.com/512/5405/5405811.png,None,https://cdn-icons-png.flaticon.com/512/5405/5405811.png,None,https://cdn-icons-png.flaticon.com/512/5405/5405811.png,None,https://cdn-icons-png.flaticon.com/512/5405/5405811.png,65,personal protection,1,None,None,None,1,0
108,Annex D.7,None,None,https://cdn-icons-png.flaticon.com/512/5405/5405811.png,None,https://cdn-icons-png.flaticon.com/512/5405/5405811.png,None,https://cdn-icons-png.flaticon.com/512/5405/5405811.png,None,https://cdn-icons-png.flaticon.com/512/5405/5405811.png,60,"maintenance, personal protection",1,None,None,None,1,0
110,Annex D.7,None,None,https://cdn-icons-png.flaticon.com/512/5405/5405811.png,None,https://cdn-icons-png.flaticon.com/512/5405/5405811.png,None,https://cdn-icons-png.flaticon.com/512/5405/5405811.png,None,https://cdn-icons-png.flaticon.com/512/5405/5405811.png,62,"maintenance, personal protection",1,None,None,None,1,0
112,Annex D.7,None,None,https://cdn-icons-png.flaticon.com/512/5405/5405811.png,None,https://cdn-icons-png.flaticon.com/512/5405/5405811.png,None,https://cdn-icons-png.flaticon.com/512/5405/5405811.png,None,https://cdn-icons-png.flaticon.com/512/5405/5405811.png,64,"maintenance, personal protection",1,None,None,None,1,0
109,Annex D.8,None,None,https://cdn-icons-png.flaticon.com/512/5405/5405811.png,None,https://cdn-icons-png.flaticon.com/512/5405/5405811.png,None,https://cdn-icons-png.flaticon.com/512/5405/5405811.png,None,https://cdn-icons-png.flaticon.com/512/5405/5405811.png,61,"maintenance, personal protection",1,None,None,None,1,0
111,Annex D.8,None,None,https://cdn-icons-png.flaticon.com/512/5405/5405811.png,None,https://cdn-icons-png.flaticon.com/512/5405/5405811.png,None,https://cdn-icons-png.flaticon.com/512/5405/5405811.png,None,https://cdn-icons-png.flaticon.com/512/5405/5405811.png,63,"maintenance, personal protection",1,None,None,None,1,0
113,Annex D.8,None,None,https://cdn-icons-png.flaticon.com/512/5405/5405811.png,None,https://cdn-icons-png.flaticon.com/512/5405/5405811.png,None,https://cdn-icons-png.flaticon.com/512/5405/5405811.png,None,https://cdn-icons-png.flaticon.com/512/5405/5405811.png,65,"maintenance, personal protection",1,None,None,None,1,0
124,Annex D.9,None,None,https://cdn-icons-png.flaticon.com/512/5405/5405811.png,None,https://cdn-icons-png.flaticon.com/512/5405/5405811.png,None,https://cdn-icons-png.flaticon.com/512/5405/5405811.png,None,https://cdn-icons-png.flaticon.com/512/5405/5405811.png,68,maintenance,1,None,None,None,1,0
126,Annex D.9,None,None,https://cdn-icons-png.flaticon.com/512/5405/5405811.png,None,https://cdn-icons-png.flaticon.com/512/5405/5405811.png,None,https://cdn-icons-png.flaticon.com/512/5405/5405811.png,None,https://cdn-icons-png.flaticon.com/512/5405/5405811.png,70,maintenance,1,None,None,None,1,0
128,Annex D.9,None,None,https://cdn-icons-png.flaticon.com/512/5405/5405811.png,None,https://cdn-icons-png.flaticon.com/512/5405/5405811.png,None,https://cdn-icons-png.flaticon.com/512/5405/5405811.png,None,https://cdn-icons-png.flaticon.com/512/5405/5405811.png,72,maintenance,1,None,None,None,1,0
130,Annex D.9,None,None,https://cdn-icons-png.flaticon.com/512/5405/5405811.png,None,https://cdn-icons-png.flaticon.com/512/5405/5405811.png,None,https://cdn-icons-png.flaticon.com/512/5405/5405811.png,None,https://cdn-icons-png.flaticon.com/512/5405/5405811.png,74,maintenance,1,None,None,None,1,0
156,Annex D.9,None,None,https://cdn-icons-png.flaticon.com/512/5405/5405811.png,None,https://cdn-icons-png.flaticon.com/512/5405/5405811.png,None,https://cdn-icons-png.flaticon.com/512/5405/5405811.png,None,https://cdn-icons-png.flaticon.com/512/5405/5405811.png,76,maintenance,1,None,None,None,1,0
158,Annex D.9,None,None,https://cdn-icons-png.flaticon.com/512/5405/5405811.png,None,https://cdn-icons-png.flaticon.com/512/5405/5405811.png,None,https://cdn-icons-png.flaticon.com/512/5405/5405811.png,None,https://cdn-icons-png.flaticon.com/512/5405/5405811.png,78,maintenance,1,None,None,None,1,0
160,Annex D.9,None,None,https://cdn-icons-png.flaticon.com/512/5405/5405811.png,None,https://cdn-icons-png.flaticon.com/512/5405/5405811.png,None,https://cdn-icons-png.flaticon.com/512/5405/5405811.png,None,https://cdn-icons-png.flaticon.com/512/5405/5405811.png,80,maintenance,1,None,None,None,1,0
162,Annex D.9,None,None,https://cdn-icons-png.flaticon.com/512/5405/5405811.png,None,https://cdn-icons-png.flaticon.com/512/5405/5405811.png,None,https://cdn-icons-png.flaticon.com/512/5405/5405811.png,None,https://cdn-icons-png.flaticon.com/512/5405/5405811.png,82,maintenance,1,None,None,None,1,0
188,Annex D.9,None,None,https://cdn-icons-png.flaticon.com/512/5405/5405811.png,None,https://cdn-icons-png.flaticon.com/512/5405/5405811.png,None,https://cdn-icons-png.flaticon.com/512/5405/5405811.png,None,https://cdn-icons-png.flaticon.com/512/5405/5405811.png,84,maintenance,1,None,None,None,1,0
190,Annex D.9,None,None,https://cdn-icons-png.flaticon.com/512/5405/5405811.png,None,https://cdn-icons-png.flaticon.com/512/5405/5405811.png,None,https://cdn-icons-png.flaticon.com/512/5405/5405811.png,None,https://cdn-icons-png.flaticon.com/512/5405/5405811.png,86,maintenance,1,None,None,None,1,0
192,Annex D.9,None,None,https://cdn-icons-png.flaticon.com/512/5405/5405811.png,None,https://cdn-icons-png.flaticon.com/512/5405/5405811.png,None,https://cdn-icons-png.flaticon.com/512/5405/5405811.png,None,https://cdn-icons-png.flaticon.com/512/5405/5405811.png,88,maintenance,1,None,None,None,1,0
194,Annex D.9,None,None,https://cdn-icons-png.flaticon.com/512/5405/5405811.png,None,https://cdn-icons-png.flaticon.com/512/5405/5405811.png,None,https://cdn-icons-png.flaticon.com/512/5405/5405811.png,None,https://cdn-icons-png.flaticon.com/512/5405/5405811.png,90,maintenance,1,None,None,None,1,0
98,Annex E.1,None,None,https://cdn-icons-png.flaticon.com/512/5405/5405811.png,None,https://cdn-icons-png.flaticon.com/512/5405/5405811.png,None,https://cdn-icons-png.flaticon.com/512/5405/5405811.png,None,https://cdn-icons-png.flaticon.com/512/5405/5405811.png,66,maintenance,1,None,None,None,1,0
106,Annex E.1,None,None,https://cdn-icons-png.flaticon.com/512/5405/5405811.png,None,https://cdn-icons-png.flaticon.com/512/5405/5405811.png,None,https://cdn-icons-png.flaticon.com/512/5405/5405811.png,None,https://cdn-icons-png.flaticon.com/512/5405/5405811.png,66,personal protection,1,None,None,None,1,0
114,Annex E.1,None,None,https://cdn-icons-png.flaticon.com/512/5405/5405811.png,None,https://cdn-icons-png.flaticon.com/512/5405/5405811.png,None,https://cdn-icons-png.flaticon.com/512/5405/5405811.png,None,https://cdn-icons-png.flaticon.com/512/5405/5405811.png,66,"maintenance, personal protection",1,None,None,None,1,0
116,Annex E.1,None,None,https://cdn-icons-png.flaticon.com/512/5405/5405811.png,None,https://cdn-icons-png.flaticon.com/512/5405/5405811.png,None,https://cdn-icons-png.flaticon.com/512/5405/5405811.png,None,https://cdn-icons-png.flaticon.com/512/5405/5405811.png,60,none of the above,1,None,None,None,1,0
118,Annex E.1,None,None,https://cdn-icons-png.flaticon.com/512/5405/5405811.png,None,https://cdn-icons-png.flaticon.com/512/5405/5405811.png,None,https://cdn-icons-png.flaticon.com/512/5405/5405811.png,None,https://cdn-icons-png.flaticon.com/512/5405/5405811.png,62,none of the above,1,None,None,None,1,0
120,Annex E.1,None,None,https://cdn-icons-png.flaticon.com/512/5405/5405811.png,None,https://cdn-icons-png.flaticon.com/512/5405/5405811.png,None,https://cdn-icons-png.flaticon.com/512/5405/5405811.png,None,https://cdn-icons-png.flaticon.com/512/5405/5405811.png,64,none of the above,1,None,None,None,1,0
122,Annex E.1,None,None,https://cdn-icons-png.flaticon.com/512/5405/5405811.png,None,https://cdn-icons-png.flaticon.com/512/5405/5405811.png,None,https://cdn-icons-png.flaticon.com/512/5405/5405811.png,None,https://cdn-icons-png.flaticon.com/512/5405/5405811.png,66,none of the above,1,None,None,None,1,0
148,Annex E.1,None,None,https://cdn-icons-png.flaticon.com/512/5405/5405811.png,None,https://cdn-icons-png.flaticon.com/512/5405/5405811.png,None,https://cdn-icons-png.flaticon.com/512/5405/5405811.png,None,https://cdn-icons-png.flaticon.com/512/5405/5405811.png,68,none of the above,1,None,None,None,1,0
150,Annex E.1,None,None,https://cdn-icons-png.flaticon.com/512/5405/5405811.png,None,https://cdn-icons-png.flaticon.com/512/5405/5405811.png,None,https://cdn-icons-png.flaticon.com/512/5405/5405811.png,None,https://cdn-icons-png.flaticon.com/512/5405/5405811.png,70,none of the above,1,None,None,None,1,0
152,Annex E.1,None,None,https://cdn-icons-png.flaticon.com/512/5405/5405811.png,None,https://cdn-icons-png.flaticon.com/512/5405/5405811.png,None,https://cdn-icons-png.flaticon.com/512/5405/5405811.png,None,https://cdn-icons-png.flaticon.com/512/5405/5405811.png,72,none of the above,1,None,None,None,1,0
154,Annex E.1,None,None,https://cdn-icons-png.flaticon.com/512/5405/5405811.png,None,https://cdn-icons-png.flaticon.com/512/5405/5405811.png,None,https://cdn-icons-png.flaticon.com/512/5405/5405811.png,None,https://cdn-icons-png.flaticon.com/512/5405/5405811.png,74,none of the above,1,None,None,None,1,0
180,Annex E.1,None,None,https://cdn-icons-png.flaticon.com/512/5405/5405811.png,None,https://cdn-icons-png.flaticon.com/512/5405/5405811.png,None,https://cdn-icons-png.flaticon.com/512/5405/5405811.png,None,https://cdn-icons-png.flaticon.com/512/5405/5405811.png,76,none of the above,1,None,None,None,1,0
182,Annex E.1,None,None,https://cdn-icons-png.flaticon.com/512/5405/5405811.png,None,https://cdn-icons-png.flaticon.com/512/5405/5405811.png,None,https://cdn-icons-png.flaticon.com/512/5405/5405811.png,None,https://cdn-icons-png.flaticon.com/512/5405/5405811.png,78,none of the above,1,None,None,None,1,0
184,Annex E.1,None,None,https://cdn-icons-png.flaticon.com/512/5405/5405811.png,None,https://cdn-icons-png.flaticon.com/512/5405/5405811.png,None,https://cdn-icons-png.flaticon.com/512/5405/5405811.png,None,https://cdn-icons-png.flaticon.com/512/5405/5405811.png,80,none of the above,1,None,None,None,1,0
186,Annex E.1,None,None,https://cdn-icons-png.flaticon.com/512/5405/5405811.png,None,https://cdn-icons-png.flaticon.com/512/5405/5405811.png,None,https://cdn-icons-png.flaticon.com/512/5405/5405811.png,None,https://cdn-icons-png.flaticon.com/512/5405/5405811.png,82,none of the above,1,None,None,None,1,0
212,Annex E.1,None,None,https://cdn-icons-png.flaticon.com/512/5405/5405811.png,None,https://cdn-icons-png.flaticon.com/512/5405/5405811.png,None,https://cdn-icons-png.flaticon.com/512/5405/5405811.png,None,https://cdn-icons-png.flaticon.com/512/5405/5405811.png,84,none of the above,1,None,None,None,1,0
214,Annex E.1,None,None,https://cdn-icons-png.flaticon.com/512/5405/5405811.png,None,https://cdn-icons-png.flaticon.com/512/5405/5405811.png,None,https://cdn-icons-png.flaticon.com/512/5405/5405811.png,None,https://cdn-icons-png.flaticon.com/512/5405/5405811.png,86,none of the above,1,None,None,None,1,0
216,Annex E.1,None,None,https://cdn-icons-png.flaticon.com/512/5405/5405811.png,None,https://cdn-icons-png.flaticon.com/512/5405/5405811.png,None,https://cdn-icons-png.flaticon.com/512/5405/5405811.png,None,https://cdn-icons-png.flaticon.com/512/5405/5405811.png,88,none of the above,1,None,None,None,1,0
218,Annex E.1,None,None,https://cdn-icons-png.flaticon.com/512/5405/5405811.png,None,https://cdn-icons-png.flaticon.com/512/5405/5405811.png,None,https://cdn-icons-png.flaticon.com/512/5405/5405811.png,None,https://cdn-icons-png.flaticon.com/512/5405/5405811.png,90,none of the above,1,None,None,None,1,0
99,Annex E.2,None,None,https://cdn-icons-png.flaticon.com/512/5405/5405811.png,None,https://cdn-icons-png.flaticon.com/512/5405/5405811.png,None,https://cdn-icons-png.flaticon.com/512/5405/5405811.png,None,https://cdn-icons-png.flaticon.com/512/5405/5405811.png,67,maintenance,1,None,None,None,1,0
107,Annex E.2,None,None,https://cdn-icons-png.flaticon.com/512/5405/5405811.png,None,https://cdn-icons-png.flaticon.com/512/5405/5405811.png,None,https://cdn-icons-png.flaticon.com/512/5405/5405811.png,None,https://cdn-icons-png.flaticon.com/512/5405/5405811.png,67,personal protection,1,None,None,None,1,0
115,Annex E.2,None,None,https://cdn-icons-png.flaticon.com/512/5405/5405811.png,None,https://cdn-icons-png.flaticon.com/512/5405/5405811.png,None,https://cdn-icons-png.flaticon.com/512/5405/5405811.png,None,https://cdn-icons-png.flaticon.com/512/5405/5405811.png,67,"maintenance, personal protection",1,None,None,None,1,0
117,Annex E.2,None,None,https://cdn-icons-png.flaticon.com/512/5405/5405811.png,None,https://cdn-icons-png.flaticon.com/512/5405/5405811.png,None,https://cdn-icons-png.flaticon.com/512/5405/5405811.png,None,https://cdn-icons-png.flaticon.com/512/5405/5405811.png,61,none of the above,1,None,None,None,1,0
119,Annex E.2,None,None,https://cdn-icons-png.flaticon.com/512/5405/5405811.png,None,https://cdn-icons-png.flaticon.com/512/5405/5405811.png,None,https://cdn-icons-png.flaticon.com/512/5405/5405811.png,None,https://cdn-icons-png.flaticon.com/512/5405/5405811.png,63,none of the above,1,None,None,None,1,0
121,Annex E.2,None,None,https://cdn-icons-png.flaticon.com/512/5405/5405811.png,None,https://cdn-icons-png.flaticon.com/512/5405/5405811.png,None,https://cdn-icons-png.flaticon.com/512/5405/5405811.png,None,https://cdn-icons-png.flaticon.com/512/5405/5405811.png,65,none of the above,1,None,None,None,1,0
123,Annex E.2,None,None,https://cdn-icons-png.flaticon.com/512/5405/5405811.png,None,https://cdn-icons-png.flaticon.com/512/5405/5405811.png,None,https://cdn-icons-png.flaticon.com/512/5405/5405811.png,None,https://cdn-icons-png.flaticon.com/512/5405/5405811.png,67,none of the above,1,None,None,None,1,0
149,Annex E.2,None,None,https://cdn-icons-png.flaticon.com/512/5405/5405811.png,None,https://cdn-icons-png.flaticon.com/512/5405/5405811.png,None,https://cdn-icons-png.flaticon.com/512/5405/5405811.png,None,https://cdn-icons-png.flaticon.com/512/5405/5405811.png,69,none of the above,1,None,None,None,1,0
151,Annex E.2,None,None,https://cdn-icons-png.flaticon.com/512/5405/5405811.png,None,https://cdn-icons-png.flaticon.com/512/5405/5405811.png,None,https://cdn-icons-png.flaticon.com/512/5405/5405811.png,None,https://cdn-icons-png.flaticon.com/512/5405/5405811.png,71,none of the above,1,None,None,None,1,0
153,Annex E.2,None,None,https://cdn-icons-png.flaticon.com/512/5405/5405811.png,None,https://cdn-icons-png.flaticon.com/512/5405/5405811.png,None,https://cdn-icons-png.flaticon.com/512/5405/5405811.png,None,https://cdn-icons-png.flaticon.com/512/5405/5405811.png,73,none of the above,1,None,None,None,1,0
155,Annex E.2,None,None,https://cdn-icons-png.flaticon.com/512/5405/5405811.png,None,https://cdn-icons-png.flaticon.com/512/5405/5405811.png,None,https://cdn-icons-png.flaticon.com/512/5405/5405811.png,None,https://cdn-icons-png.flaticon.com/512/5405/5405811.png,75,none of the above,1,None,None,None,1,0
181,Annex E.2,None,None,https://cdn-icons-png.flaticon.com/512/5405/5405811.png,None,https://cdn-icons-png.flaticon.com/512/5405/5405811.png,None,https://cdn-icons-png.flaticon.com/512/5405/5405811.png,None,https://cdn-icons-png.flaticon.com/512/5405/5405811.png,77,none of the above,1,None,None,None,1,0
183,Annex E.2,None,None,https://cdn-icons-png.flaticon.com/512/5405/5405811.png,None,https://cdn-icons-png.flaticon.com/512/5405/5405811.png,None,https://cdn-icons-png.flaticon.com/512/5405/5405811.png,None,https://cdn-icons-png.flaticon.com/512/5405/5405811.png,79,none of the above,1,None,None,None,1,0
185,Annex E.2,None,None,https://cdn-icons-png.flaticon.com/512/5405/5405811.png,None,https://cdn-icons-png.flaticon.com/512/5405/5405811.png,None,https://cdn-icons-png.flaticon.com/512/5405/5405811.png,None,https://cdn-icons-png.flaticon.com/512/5405/5405811.png,81,none of the above,1,None,None,None,1,0
187,Annex E.2,None,None,https://cdn-icons-png.flaticon.com/512/5405/5405811.png,None,https://cdn-icons-png.flaticon.com/512/5405/5405811.png,None,https://cdn-icons-png.flaticon.com/512/5405/5405811.png,None,https://cdn-icons-png.flaticon.com/512/5405/5405811.png,83,none of the above,1,None,None,None,1,0
213,Annex E.2,None,None,https://cdn-icons-png.flaticon.com/512/5405/5405811.png,None,https://cdn-icons-png.flaticon.com/512/5405/5405811.png,None,https://cdn-icons-png.flaticon.com/512/5405/5405811.png,None,https://cdn-icons-png.flaticon.com/512/5405/5405811.png,85,none of the above,1,None,None,None,1,0
215,Annex E.2,None,None,https://cdn-icons-png.flaticon.com/512/5405/5405811.png,None,https://cdn-icons-png.flaticon.com/512/5405/5405811.png,None,https://cdn-icons-png.flaticon.com/512/5405/5405811.png,None,https://cdn-icons-png.flaticon.com/512/5405/5405811.png,87,none of the above,1,None,None,None,1,0
217,Annex E.2,None,None,https://cdn-icons-png.flaticon.com/512/5405/5405811.png,None,https://cdn-icons-png.flaticon.com/512/5405/5405811.png,None,https://cdn-icons-png.flaticon.com/512/5405/5405811.png,None,https://cdn-icons-png.flaticon.com/512/5405/5405811.png,89,none of the above,1,None,None,None,1,0
219,Annex E.2,None,None,https://cdn-icons-png.flaticon.com/512/5405/5405811.png,None,https://cdn-icons-png.flaticon.com/512/5405/5405811.png,None,https://cdn-icons-png.flaticon.com/512/5405/5405811.png,None,https://cdn-icons-png.flaticon.com/512/5405/5405811.png,91,none of the above,1,None,None,None,1,0
2,I am a...,scq,Singapore Citizen,https://cdn-icons-png.flaticon.com/512/5405/5405811.png,Foreigner,https://cdn-icons-png.flaticon.com/512/5405/5405811.png,None,https://cdn-icons-png.flaticon.com/512/5405/5405811.png,None,https://cdn-icons-png.flaticon.com/512/5405/5405811.png,1,op1,0,None,None,None,0,1
3,I am a...,scq,Singapore Citizen,https://cdn-icons-png.flaticon.com/512/5405/5405811.png,Foreigner,https://cdn-icons-png.flaticon.com/512/5405/5405811.png,None,https://cdn-icons-png.flaticon.com/512/5405/5405811.png,None,https://cdn-icons-png.flaticon.com/512/5405/5405811.png,1,op2,0,None,None,None,0,1
1,I am currently...,scq,preparing for divorce,https://cdn-icons-png.flaticon.com/512/5405/5405811.png,undergoing divorce,https://cdn-icons-png.flaticon.com/512/5405/5405811.png,unsure if I should get a divorce,https://cdn-icons-png.flaticon.com/512/5405/5405811.png,None,https://cdn-icons-png.flaticon.com/512/5405/5405811.png,0,op0,0,None,None,None,0,2
12,I am married under the...,scq,civil law,https://cdn-icons-png.flaticon.com/512/5405/5405811.png,syariah law,https://cdn-icons-png.flaticon.com/512/5405/5405811.png,None,https://cdn-icons-png.flaticon.com/512/5405/5405811.png,None,https://cdn-icons-png.flaticon.com/512/5405/5405811.png,5,op1,0,None,None,None,0,3
13,I am married under the...,scq,civil law,https://cdn-icons-png.flaticon.com/512/5405/5405811.png,syariah law,https://cdn-icons-png.flaticon.com/512/5405/5405811.png,None,https://cdn-icons-png.flaticon.com/512/5405/5405811.png,None,https://cdn-icons-png.flaticon.com/512/5405/5405811.png,6,op1,0,None,None,None,0,3
24,I am married under the...,scq,civil law,https://cdn-icons-png.flaticon.com/512/5405/5405811.png,syariah law,https://cdn-icons-png.flaticon.com/512/5405/5405811.png,None,https://cdn-icons-png.flaticon.com/512/5405/5405811.png,None,https://cdn-icons-png.flaticon.com/512/5405/5405811.png,16,op1,0,None,None,None,0,3
25,I am married under the...,scq,civil law,https://cdn-icons-png.flaticon.com/512/5405/5405811.png,syariah law,https://cdn-icons-png.flaticon.com/512/5405/5405811.png,None,https://cdn-icons-png.flaticon.com/512/5405/5405811.png,None,https://cdn-icons-png.flaticon.com/512/5405/5405811.png,17,op1,0,None,None,None,0,3
5,I have been married for...,scq,3 years or more,https://cdn-icons-png.flaticon.com/512/5405/5405811.png,less than 3 years,https://cdn-icons-png.flaticon.com/512/5405/5405811.png,None,https://cdn-icons-png.flaticon.com/512/5405/5405811.png,None,https://cdn-icons-png.flaticon.com/512/5405/5405811.png,2,op1,0,None,None,None,0,4
6,I have been married for...,scq,3 years or more,https://cdn-icons-png.flaticon.com/512/5405/5405811.png,less than 3 years,https://cdn-icons-png.flaticon.com/512/5405/5405811.png,None,https://cdn-icons-png.flaticon.com/512/5405/5405811.png,None,https://cdn-icons-png.flaticon.com/512/5405/5405811.png,3,op1,0,None,None,None,0,4
16,I have been married for...,scq,3 years or more,https://cdn-icons-png.flaticon.com/512/5405/5405811.png,less than 3 years,https://cdn-icons-png.flaticon.com/512/5405/5405811.png,None,https://cdn-icons-png.flaticon.com/512/5405/5405811.png,None,https://cdn-icons-png.flaticon.com/512/5405/5405811.png,7,op1,0,None,None,None,0,4
17,I have been married for...,scq,3 years or more,https://cdn-icons-png.flaticon.com/512/5405/5405811.png,less than 3 years,https://cdn-icons-png.flaticon.com/512/5405/5405811.png,None,https://cdn-icons-png.flaticon.com/512/5405/5405811.png,None,https://cdn-icons-png.flaticon.com/512/5405/5405811.png,8,op1,0,None,None,None,0,4
4,I need an interim order for...,mcq,maintenance,https://cdn-icons-png.flaticon.com/512/5405/5405811.png,personal protection,https://cdn-icons-png.flaticon.com/512/5405/5405811.png,none of the above,https://cdn-icons-png.flaticon.com/512/5405/5405811.png,None,https://cdn-icons-png.flaticon.com/512/5405/5405811.png,1,op3,0,None,None,None,0,5
60,I need an interim order for...,scq,maintenance,https://cdn-icons-png.flaticon.com/512/5405/5405811.png,personal protection,https://cdn-icons-png.flaticon.com/512/5405/5405811.png,none of the above,https://cdn-icons-png.flaticon.com/512/5405/5405811.png,None,https://cdn-icons-png.flaticon.com/512/5405/5405811.png,40,op1,0,d_q5_glossary,None,None,0,5
61,I need an interim order for...,scq,maintenance,https://cdn-icons-png.flaticon.com/512/5405/5405811.png,personal protection,https://cdn-icons-png.flaticon.com/512/5405/5405811.png,none of the above,https://cdn-icons-png.flaticon.com/512/5405/5405811.png,None,https://cdn-icons-png.flaticon.com/512/5405/5405811.png,41,op1,0,d_q5_glossary,None,None,0,5
62,I need an interim order for...,scq,maintenance,https://cdn-icons-png.flaticon.com/512/5405/5405811.png,personal protection,https://cdn-icons-png.flaticon.com/512/5405/5405811.png,none of the above,https://cdn-icons-png.flaticon.com/512/5405/5405811.png,None,https://cdn-icons-png.flaticon.com/512/5405/5405811.png,42,op1,0,d_q5_glossary,None,None,0,5
63,I need an interim order for...,scq,maintenance,https://cdn-icons-png.flaticon.com/512/5405/5405811.png,personal protection,https://cdn-icons-png.flaticon.com/512/5405/5405811.png,none of the above,https://cdn-icons-png.flaticon.com/512/5405/5405811.png,None,https://cdn-icons-png.flaticon.com/512/5405/5405811.png,43,op1,0,d_q5_glossary,None,None,0,5
64,I need an interim order for...,scq,maintenance,https://cdn-icons-png.flaticon.com/512/5405/5405811.png,personal protection,https://cdn-icons-png.flaticon.com/512/5405/5405811.png,none of the above,https://cdn-icons-png.flaticon.com/512/5405/5405811.png,None,https://cdn-icons-png.flaticon.com/512/5405/5405811.png,44,op1,0,d_q5_glossary,None,None,0,5
65,I need an interim order for...,scq,maintenance,https://cdn-icons-png.flaticon.com/512/5405/5405811.png,personal protection,https://cdn-icons-png.flaticon.com/512/5405/5405811.png,none of the above,https://cdn-icons-png.flaticon.com/512/5405/5405811.png,None,https://cdn-icons-png.flaticon.com/512/5405/5405811.png,45,op1,0,d_q5_glossary,None,None,0,5
66,I need an interim order for...,scq,maintenance,https://cdn-icons-png.flaticon.com/512/5405/5405811.png,personal protection,https://cdn-icons-png.flaticon.com/512/5405/5405811.png,none of the above,https://cdn-icons-png.flaticon.com/512/5405/5405811.png,None,https://cdn-icons-png.flaticon.com/512/5405/5405811.png,46,op1,0,d_q5_glossary,None,None,0,5
67,I need an interim order for...,scq,maintenance,https://cdn-icons-png.flaticon.com/512/5405/5405811.png,personal protection,https://cdn-icons-png.flaticon.com/512/5405/5405811.png,none of the above,https://cdn-icons-png.flaticon.com/512/5405/5405811.png,None,https://cdn-icons-png.flaticon.com/512/5405/5405811.png,47,op1,0,d_q5_glossary,None,None,0,5
68,I need an interim order for...,scq,maintenance,https://cdn-icons-png.flaticon.com/512/5405/5405811.png,personal protection,https://cdn-icons-png.flaticon.com/512/5405/5405811.png,none of the above,https://cdn-icons-png.flaticon.com/512/5405/5405811.png,None,https://cdn-icons-png.flaticon.com/512/5405/5405811.png,40,op2,0,d_q5_glossary,None,None,0,5
69,I need an interim order for...,scq,maintenance,https://cdn-icons-png.flaticon.com/512/5405/5405811.png,personal protection,https://cdn-icons-png.flaticon.com/512/5405/5405811.png,none of the above,https://cdn-icons-png.flaticon.com/512/5405/5405811.png,None,https://cdn-icons-png.flaticon.com/512/5405/5405811.png,41,op2,0,d_q5_glossary,None,None,0,5
70,I need an interim order for...,scq,maintenance,https://cdn-icons-png.flaticon.com/512/5405/5405811.png,personal protection,https://cdn-icons-png.flaticon.com/512/5405/5405811.png,none of the above,https://cdn-icons-png.flaticon.com/512/5405/5405811.png,None,https://cdn-icons-png.flaticon.com/512/5405/5405811.png,42,op2,0,d_q5_glossary,None,None,0,5
71,I need an interim order for...,scq,maintenance,https://cdn-icons-png.flaticon.com/512/5405/5405811.png,personal protection,https://cdn-icons-png.flaticon.com/512/5405/5405811.png,none of the above,https://cdn-icons-png.flaticon.com/512/5405/5405811.png,None,https://cdn-icons-png.flaticon.com/512/5405/5405811.png,43,op2,0,d_q5_glossary,None,None,0,5
72,I need an interim order for...,scq,maintenance,https://cdn-icons-png.flaticon.com/512/5405/5405811.png,personal protection,https://cdn-icons-png.flaticon.com/512/5405/5405811.png,none of the above,https://cdn-icons-png.flaticon.com/512/5405/5405811.png,None,https://cdn-icons-png.flaticon.com/512/5405/5405811.png,44,op2,0,d_q5_glossary,None,None,0,5
73,I need an interim order for...,scq,maintenance,https://cdn-icons-png.flaticon.com/512/5405/5405811.png,personal protection,https://cdn-icons-png.flaticon.com/512/5405/5405811.png,none of the above,https://cdn-icons-png.flaticon.com/512/5405/5405811.png,None,https://cdn-icons-png.flaticon.com/512/5405/5405811.png,45,op2,0,d_q5_glossary,None,None,0,5
74,I need an interim order for...,scq,maintenance,https://cdn-icons-png.flaticon.com/512/5405/5405811.png,personal protection,https://cdn-icons-png.flaticon.com/512/5405/5405811.png,none of the above,https://cdn-icons-png.flaticon.com/512/5405/5405811.png,None,https://cdn-icons-png.flaticon.com/512/5405/5405811.png,46,op2,0,d_q5_glossary,None,None,0,5
75,I need an interim order for...,scq,maintenance,https://cdn-icons-png.flaticon.com/512/5405/5405811.png,personal protection,https://cdn-icons-png.flaticon.com/512/5405/5405811.png,none of the above,https://cdn-icons-png.flaticon.com/512/5405/5405811.png,None,https://cdn-icons-png.flaticon.com/512/5405/5405811.png,47,op2,0,d_q5_glossary,None,None,0,5
76,I need an interim order for...,scq,maintenance,https://cdn-icons-png.flaticon.com/512/5405/5405811.png,personal protection,https://cdn-icons-png.flaticon.com/512/5405/5405811.png,none of the above,https://cdn-icons-png.flaticon.com/512/5405/5405811.png,None,https://cdn-icons-png.flaticon.com/512/5405/5405811.png,52,op1,0,d_q5_glossary,None,None,0,5
77,I need an interim order for...,scq,maintenance,https://cdn-icons-png.flaticon.com/512/5405/5405811.png,personal protection,https://cdn-icons-png.flaticon.com/512/5405/5405811.png,none of the above,https://cdn-icons-png.flaticon.com/512/5405/5405811.png,None,https://cdn-icons-png.flaticon.com/512/5405/5405811.png,53,op1,0,d_q5_glossary,None,None,0,5
78,I need an interim order for...,scq,maintenance,https://cdn-icons-png.flaticon.com/512/5405/5405811.png,personal protection,https://cdn-icons-png.flaticon.com/512/5405/5405811.png,none of the above,https://cdn-icons-png.flaticon.com/512/5405/5405811.png,None,https://cdn-icons-png.flaticon.com/512/5405/5405811.png,54,op1,0,d_q5_glossary,None,None,0,5
79,I need an interim order for...,scq,maintenance,https://cdn-icons-png.flaticon.com/512/5405/5405811.png,personal protection,https://cdn-icons-png.flaticon.com/512/5405/5405811.png,none of the above,https://cdn-icons-png.flaticon.com/512/5405/5405811.png,None,https://cdn-icons-png.flaticon.com/512/5405/5405811.png,55,op1,0,d_q5_glossary,None,None,0,5
80,I need an interim order for...,scq,maintenance,https://cdn-icons-png.flaticon.com/512/5405/5405811.png,personal protection,https://cdn-icons-png.flaticon.com/512/5405/5405811.png,none of the above,https://cdn-icons-png.flaticon.com/512/5405/5405811.png,None,https://cdn-icons-png.flaticon.com/512/5405/5405811.png,56,op1,0,d_q5_glossary,None,None,0,5
81,I need an interim order for...,scq,maintenance,https://cdn-icons-png.flaticon.com/512/5405/5405811.png,personal protection,https://cdn-icons-png.flaticon.com/512/5405/5405811.png,none of the above,https://cdn-icons-png.flaticon.com/512/5405/5405811.png,None,https://cdn-icons-png.flaticon.com/512/5405/5405811.png,57,op1,0,d_q5_glossary,None,None,0,5
82,I need an interim order for...,scq,maintenance,https://cdn-icons-png.flaticon.com/512/5405/5405811.png,personal protection,https://cdn-icons-png.flaticon.com/512/5405/5405811.png,none of the above,https://cdn-icons-png.flaticon.com/512/5405/5405811.png,None,https://cdn-icons-png.flaticon.com/512/5405/5405811.png,58,op1,0,d_q5_glossary,None,None,0,5
83,I need an interim order for...,scq,maintenance,https://cdn-icons-png.flaticon.com/512/5405/5405811.png,personal protection,https://cdn-icons-png.flaticon.com/512/5405/5405811.png,none of the above,https://cdn-icons-png.flaticon.com/512/5405/5405811.png,None,https://cdn-icons-png.flaticon.com/512/5405/5405811.png,59,op1,0,d_q5_glossary,None,None,0,5
84,I need an interim order for...,scq,maintenance,https://cdn-icons-png.flaticon.com/512/5405/5405811.png,personal protection,https://cdn-icons-png.flaticon.com/512/5405/5405811.png,none of the above,https://cdn-icons-png.flaticon.com/512/5405/5405811.png,None,https://cdn-icons-png.flaticon.com/512/5405/5405811.png,52,op2,0,d_q5_glossary,None,None,0,5
85,I need an interim order for...,scq,maintenance,https://cdn-icons-png.flaticon.com/512/5405/5405811.png,personal protection,https://cdn-icons-png.flaticon.com/512/5405/5405811.png,none of the above,https://cdn-icons-png.flaticon.com/512/5405/5405811.png,None,https://cdn-icons-png.flaticon.com/512/5405/5405811.png,53,op2,0,d_q5_glossary,None,None,0,5
86,I need an interim order for...,scq,maintenance,https://cdn-icons-png.flaticon.com/512/5405/5405811.png,personal protection,https://cdn-icons-png.flaticon.com/512/5405/5405811.png,none of the above,https://cdn-icons-png.flaticon.com/512/5405/5405811.png,None,https://cdn-icons-png.flaticon.com/512/5405/5405811.png,54,op2,0,d_q5_glossary,None,None,0,5
87,I need an interim order for...,scq,maintenance,https://cdn-icons-png.flaticon.com/512/5405/5405811.png,personal protection,https://cdn-icons-png.flaticon.com/512/5405/5405811.png,none of the above,https://cdn-icons-png.flaticon.com/512/5405/5405811.png,None,https://cdn-icons-png.flaticon.com/512/5405/5405811.png,55,op2,0,d_q5_glossary,None,None,0,5
88,I need an interim order for...,scq,maintenance,https://cdn-icons-png.flaticon.com/512/5405/5405811.png,personal protection,https://cdn-icons-png.flaticon.com/512/5405/5405811.png,none of the above,https://cdn-icons-png.flaticon.com/512/5405/5405811.png,None,https://cdn-icons-png.flaticon.com/512/5405/5405811.png,56,op2,0,d_q5_glossary,None,None,0,5
89,I need an interim order for...,scq,maintenance,https://cdn-icons-png.flaticon.com/512/5405/5405811.png,personal protection,https://cdn-icons-png.flaticon.com/512/5405/5405811.png,none of the above,https://cdn-icons-png.flaticon.com/512/5405/5405811.png,None,https://cdn-icons-png.flaticon.com/512/5405/5405811.png,57,op2,0,d_q5_glossary,None,None,0,5
90,I need an interim order for...,scq,maintenance,https://cdn-icons-png.flaticon.com/512/5405/5405811.png,personal protection,https://cdn-icons-png.flaticon.com/512/5405/5405811.png,none of the above,https://cdn-icons-png.flaticon.com/512/5405/5405811.png,None,https://cdn-icons-png.flaticon.com/512/5405/5405811.png,58,op2,0,d_q5_glossary,None,None,0,5
91,I need an interim order for...,scq,maintenance,https://cdn-icons-png.flaticon.com/512/5405/5405811.png,personal protection,https://cdn-icons-png.flaticon.com/512/5405/5405811.png,none of the above,https://cdn-icons-png.flaticon.com/512/5405/5405811.png,None,https://cdn-icons-png.flaticon.com/512/5405/5405811.png,59,op2,0,d_q5_glossary,None,None,0,5
20,I...,scq,have child(ren),https://cdn-icons-png.flaticon.com/512/5405/5405811.png,do not have child(ren),https://cdn-icons-png.flaticon.com/512/5405/5405811.png,None,https://cdn-icons-png.flaticon.com/512/5405/5405811.png,None,https://cdn-icons-png.flaticon.com/512/5405/5405811.png,12,op1,0,None,None,None,0,6
21,I...,scq,have child(ren),https://cdn-icons-png.flaticon.com/512/5405/5405811.png,do not have child(ren),https://cdn-icons-png.flaticon.com/512/5405/5405811.png,None,https://cdn-icons-png.flaticon.com/512/5405/5405811.png,None,https://cdn-icons-png.flaticon.com/512/5405/5405811.png,13,op1,0,None,None,None,0,6
32,I...,scq,have child(ren),https://cdn-icons-png.flaticon.com/512/5405/5405811.png,do not have child(ren),https://cdn-icons-png.flaticon.com/512/5405/5405811.png,None,https://cdn-icons-png.flaticon.com/512/5405/5405811.png,None,https://cdn-icons-png.flaticon.com/512/5405/5405811.png,24,op1,0,None,None,None,0,6
33,I...,scq,have child(ren),https://cdn-icons-png.flaticon.com/512/5405/5405811.png,do not have child(ren),https://cdn-icons-png.flaticon.com/512/5405/5405811.png,None,https://cdn-icons-png.flaticon.com/512/5405/5405811.png,None,https://cdn-icons-png.flaticon.com/512/5405/5405811.png,25,op1,0,None,None,None,0,6
28,My child(ren) is/are...,scq,below 21 years old,https://cdn-icons-png.flaticon.com/512/5405/5405811.png,above 21 years old,https://cdn-icons-png.flaticon.com/512/5405/5405811.png,None,https://cdn-icons-png.flaticon.com/512/5405/5405811.png,None,https://cdn-icons-png.flaticon.com/512/5405/5405811.png,20,op1,0,d_q7_glossary,None,None,0,7
29,My child(ren) is/are...,scq,below 21 years old,https://cdn-icons-png.flaticon.com/512/5405/5405811.png,above 21 years old,https://cdn-icons-png.flaticon.com/512/5405/5405811.png,None,https://cdn-icons-png.flaticon.com/512/5405/5405811.png,None,https://cdn-icons-png.flaticon.com/512/5405/5405811.png,21,op1,0,d_q7_glossary,None,None,0,7
48,My child(ren) is/are...,scq,below 21 years old,https://cdn-icons-png.flaticon.com/512/5405/5405811.png,above 21 years old,https://cdn-icons-png.flaticon.com/512/5405/5405811.png,None,https://cdn-icons-png.flaticon.com/512/5405/5405811.png,None,https://cdn-icons-png.flaticon.com/512/5405/5405811.png,32,op1,0,d_q7_glossary,None,None,0,7
49,My child(ren) is/are...,scq,below 21 years old,https://cdn-icons-png.flaticon.com/512/5405/5405811.png,above 21 years old,https://cdn-icons-png.flaticon.com/512/5405/5405811.png,None,https://cdn-icons-png.flaticon.com/512/5405/5405811.png,None,https://cdn-icons-png.flaticon.com/512/5405/5405811.png,33,op1,0,d_q7_glossary,None,None,0,7
30,My spouse and I agree on...,mcq,divorce,https://cdn-icons-png.flaticon.com/512/5405/5405811.png,all ancillary matters,https://cdn-icons-png.flaticon.com/512/5405/5405811.png,none of the above,https://cdn-icons-png.flaticon.com/512/5405/5405811.png,None,https://cdn-icons-png.flaticon.com/512/5405/5405811.png,20,op2,0,d_q8_glossary,d_q8_add_annex,None,0,8
31,My spouse and I agree on...,mcq,divorce,https://cdn-icons-png.flaticon.com/512/5405/5405811.png,all ancillary matters,https://cdn-icons-png.flaticon.com/512/5405/5405811.png,none of the above,https://cdn-icons-png.flaticon.com/512/5405/5405811.png,None,https://cdn-icons-png.flaticon.com/512/5405/5405811.png,21,op2,0,d_q8_glossary,d_q8_add_annex,None,0,8
38,My spouse and I agree on...,mcq,divorce,https://cdn-icons-png.flaticon.com/512/5405/5405811.png,all ancillary matters,https://cdn-icons-png.flaticon.com/512/5405/5405811.png,none of the above,https://cdn-icons-png.flaticon.com/512/5405/5405811.png,None,https://cdn-icons-png.flaticon.com/512/5405/5405811.png,28,op2,0,d_q8_glossary,d_q8_add_annex,None,0,8
39,My spouse and I agree on...,mcq,divorce,https://cdn-icons-png.flaticon.com/512/5405/5405811.png,all ancillary matters,https://cdn-icons-png.flaticon.com/512/5405/5405811.png,none of the above,https://cdn-icons-png.flaticon.com/512/5405/5405811.png,None,https://cdn-icons-png.flaticon.com/512/5405/5405811.png,29,op2,0,d_q8_glossary,d_q8_add_annex,None,0,8
50,My spouse and I agree on...,mcq,divorce,https://cdn-icons-png.flaticon.com/512/5405/5405811.png,all ancillary matters,https://cdn-icons-png.flaticon.com/512/5405/5405811.png,none of the above,https://cdn-icons-png.flaticon.com/512/5405/5405811.png,None,https://cdn-icons-png.flaticon.com/512/5405/5405811.png,32,op2,0,d_q8_glossary,d_q8_add_annex,None,0,8
51,My spouse and I agree on...,mcq,divorce,https://cdn-icons-png.flaticon.com/512/5405/5405811.png,all ancillary matters,https://cdn-icons-png.flaticon.com/512/5405/5405811.png,none of the above,https://cdn-icons-png.flaticon.com/512/5405/5405811.png,None,https://cdn-icons-png.flaticon.com/512/5405/5405811.png,33,op2,0,d_q8_glossary,d_q8_add_annex,None,0,8
40,My spouse and I are...,scq,willing to consider mediation,https://cdn-icons-png.flaticon.com/512/5405/5405811.png,not willing to consider mediation,https://cdn-icons-png.flaticon.com/512/5405/5405811.png,None,https://cdn-icons-png.flaticon.com/512/5405/5405811.png,None,https://cdn-icons-png.flaticon.com/512/5405/5405811.png,30,divorce,0,d_q9_glossary,None,None,0,9
41,My spouse and I are...,scq,willing to consider mediation,https://cdn-icons-png.flaticon.com/512/5405/5405811.png,not willing to consider mediation,https://cdn-icons-png.flaticon.com/512/5405/5405811.png,None,https://cdn-icons-png.flaticon.com/512/5405/5405811.png,None,https://cdn-icons-png.flaticon.com/512/5405/5405811.png,31,divorce,0,d_q9_glossary,None,None,0,9
42,My spouse and I are...,scq,willing to consider mediation,https://cdn-icons-png.flaticon.com/512/5405/5405811.png,not willing to consider mediation,https://cdn-icons-png.flaticon.com/512/5405/5405811.png,None,https://cdn-icons-png.flaticon.com/512/5405/5405811.png,None,https://cdn-icons-png.flaticon.com/512/5405/5405811.png,30,all ancillary matters,0,d_q9_glossary,None,None,0,9
43,My spouse and I are...,scq,willing to consider mediation,https://cdn-icons-png.flaticon.com/512/5405/5405811.png,not willing to consider mediation,https://cdn-icons-png.flaticon.com/512/5405/5405811.png,None,https://cdn-icons-png.flaticon.com/512/5405/5405811.png,None,https://cdn-icons-png.flaticon.com/512/5405/5405811.png,31,all ancillary matters,0,d_q9_glossary,None,None,0,9
44,My spouse and I are...,scq,willing to consider mediation,https://cdn-icons-png.flaticon.com/512/5405/5405811.png,not willing to consider mediation,https://cdn-icons-png.flaticon.com/512/5405/5405811.png,None,https://cdn-icons-png.flaticon.com/512/5405/5405811.png,None,https://cdn-icons-png.flaticon.com/512/5405/5405811.png,30,none of the above,0,d_q9_glossary,None,None,0,9
45,My spouse and I are...,scq,willing to consider mediation,https://cdn-icons-png.flaticon.com/512/5405/5405811.png,not willing to consider mediation,https://cdn-icons-png.flaticon.com/512/5405/5405811.png,None,https://cdn-icons-png.flaticon.com/512/5405/5405811.png,None,https://cdn-icons-png.flaticon.com/512/5405/5405811.png,31,none of the above,0,d_q9_glossary,None,None,0,9
46,My spouse and I are...,scq,willing to consider mediation,https://cdn-icons-png.flaticon.com/512/5405/5405811.png,not willing to consider mediation,https://cdn-icons-png.flaticon.com/512/5405/5405811.png,None,https://cdn-icons-png.flaticon.com/512/5405/5405811.png,None,https://cdn-icons-png.flaticon.com/512/5405/5405811.png,30,"divorce, all ancillary matters",0,d_q9_glossary,None,None,0,9
47,My spouse and I are...,scq,willing to consider mediation,https://cdn-icons-png.flaticon.com/512/5405/5405811.png,not willing to consider mediation,https://cdn-icons-png.flaticon.com/512/5405/5405811.png,None,https://cdn-icons-png.flaticon.com/512/5405/5405811.png,None,https://cdn-icons-png.flaticon.com/512/5405/5405811.png,31,"divorce, all ancillary matters",0,d_q9_glossary,None,None,0,9
52,My spouse and I are...,scq,willing to consider mediation,https://cdn-icons-png.flaticon.com/512/5405/5405811.png,not willing to consider mediation,https://cdn-icons-png.flaticon.com/512/5405/5405811.png,None,https://cdn-icons-png.flaticon.com/512/5405/5405811.png,None,https://cdn-icons-png.flaticon.com/512/5405/5405811.png,38,divorce,0,d_q9_glossary,None,None,0,9
53,My spouse and I are...,scq,willing to consider mediation,https://cdn-icons-png.flaticon.com/512/5405/5405811.png,not willing to consider mediation,https://cdn-icons-png.flaticon.com/512/5405/5405811.png,None,https://cdn-icons-png.flaticon.com/512/5405/5405811.png,None,https://cdn-icons-png.flaticon.com/512/5405/5405811.png,39,divorce,0,d_q9_glossary,None,None,0,9
54,My spouse and I are...,scq,willing to consider mediation,https://cdn-icons-png.flaticon.com/512/5405/5405811.png,not willing to consider mediation,https://cdn-icons-png.flaticon.com/512/5405/5405811.png,None,https://cdn-icons-png.flaticon.com/512/5405/5405811.png,None,https://cdn-icons-png.flaticon.com/512/5405/5405811.png,38,all ancillary matters,0,d_q9_glossary,None,None,0,9
55,My spouse and I are...,scq,willing to consider mediation,https://cdn-icons-png.flaticon.com/512/5405/5405811.png,not willing to consider mediation,https://cdn-icons-png.flaticon.com/512/5405/5405811.png,None,https://cdn-icons-png.flaticon.com/512/5405/5405811.png,None,https://cdn-icons-png.flaticon.com/512/5405/5405811.png,39,all ancillary matters,0,d_q9_glossary,None,None,0,9
56,My spouse and I are...,scq,willing to consider mediation,https://cdn-icons-png.flaticon.com/512/5405/5405811.png,not willing to consider mediation,https://cdn-icons-png.flaticon.com/512/5405/5405811.png,None,https://cdn-icons-png.flaticon.com/512/5405/5405811.png,None,https://cdn-icons-png.flaticon.com/512/5405/5405811.png,38,none of the above,0,d_q9_glossary,None,None,0,9
57,My spouse and I are...,scq,willing to consider mediation,https://cdn-icons-png.flaticon.com/512/5405/5405811.png,not willing to consider mediation,https://cdn-icons-png.flaticon.com/512/5405/5405811.png,None,https://cdn-icons-png.flaticon.com/512/5405/5405811.png,None,https://cdn-icons-png.flaticon.com/512/5405/5405811.png,39,none of the above,0,d_q9_glossary,None,None,0,9
58,My spouse and I are...,scq,willing to consider mediation,https://cdn-icons-png.flaticon.com/512/5405/5405811.png,not willing to consider mediation,https://cdn-icons-png.flaticon.com/512/5405/5405811.png,None,https://cdn-icons-png.flaticon.com/512/5405/5405811.png,None,https://cdn-icons-png.flaticon.com/512/5405/5405811.png,38,"divorce, all ancillary matters",0,d_q9_glossary,None,None,0,9
59,My spouse and I are...,scq,willing to consider mediation,https://cdn-icons-png.flaticon.com/512/5405/5405811.png,not willing to consider mediation,https://cdn-icons-png.flaticon.com/512/5405/5405811.png,None,https://cdn-icons-png.flaticon.com/512/5405/5405811.png,None,https://cdn-icons-png.flaticon.com/512/5405/5405811.png,39,"divorce, all ancillary matters",0,d_q9_glossary,None,None,0,9
7,"Prior to the filing of a divorce application, I have been living in Singapore for...",scq,3 continuous years or more,https://cdn-icons-png.flaticon.com/512/5405/5405811.png,less than 3 continuous years,https://cdn-icons-png.flaticon.com/512/5405/5405811.png,None,https://cdn-icons-png.flaticon.com/512/5405/5405811.png,None,https://cdn-icons-png.flaticon.com/512/5405/5405811.png,2,op2,0,None,None,None,0,10
8,"Prior to the filing of a divorce application, I have been living in Singapore for...",scq,3 continuous years or more,https://cdn-icons-png.flaticon.com/512/5405/5405811.png,less than 3 continuous years,https://cdn-icons-png.flaticon.com/512/5405/5405811.png,None,https://cdn-icons-png.flaticon.com/512/5405/5405811.png,None,https://cdn-icons-png.flaticon.com/512/5405/5405811.png,3,op2,0,None,None,None,0,10
